model,params_B,family,vendor,thinking,acc_pm0_50,raw_pm0_50,correct_pm0_50,wrong_pm0_50,total_pm0_50,T1_pm0_50,T2_pm0_50,T3_pm0_50,T4_pm0_50,T5_pm0_50,T6_pm0_50,T7_pm0_50,acc_pm1_00,raw_pm1_00,correct_pm1_00,wrong_pm1_00,total_pm1_00,T1_pm1_00,T2_pm1_00,T3_pm1_00,T4_pm1_00,T5_pm1_00,T6_pm1_00,T7_pm1_00,acc_pm1_50,raw_pm1_50,correct_pm1_50,wrong_pm1_50,total_pm1_50,T1_pm1_50,T2_pm1_50,T3_pm1_50,T4_pm1_50,T5_pm1_50,T6_pm1_50,T7_pm1_50,acc_pm2_00,raw_pm2_00,correct_pm2_00,wrong_pm2_00,total_pm2_00,T1_pm2_00,T2_pm2_00,T3_pm2_00,T4_pm2_00,T5_pm2_00,T6_pm2_00,T7_pm2_00
claude-3-haiku,,claude,anthropic,?,0.3854,0.4,560,41,1400,0.9925,0.94,0.5375,0.2025,0.02,0.005,0.0,0.3714,0.4,560,41,1400,0.99,0.92,0.505,0.165,0.015,0.005,0.0,0.3575,0.4,560,41,1400,0.9875,0.9,0.4725,0.1275,0.01,0.005,0.0,0.3436,0.4,560,41,1400,0.985,0.88,0.44,0.09,0.005,0.005,0.0
claude-3.5-haiku,,claude,anthropic,?,0.51,0.5393,755,89,1400,0.9875,0.9925,0.755,0.5675,0.225,0.0425,0.0,0.4821,0.5393,755,89,1400,0.985,0.99,0.715,0.505,0.165,0.015,0.0,0.4561,0.5393,755,89,1400,0.9825,0.9875,0.675,0.4425,0.105,0.0,0.0,0.4321,0.5393,755,89,1400,0.98,0.985,0.635,0.38,0.045,0.0,0.0
claude-3.7-sonnet-think,,claude,anthropic,?,0.6004,0.6164,863,45,1400,0.9875,0.985,0.8925,0.745,0.4725,0.1125,0.0075,0.59,0.6164,863,45,1400,0.985,0.98,0.885,0.72,0.465,0.095,0.0,0.5807,0.6164,863,45,1400,0.9825,0.975,0.8775,0.695,0.4575,0.0775,0.0,0.5714,0.6164,863,45,1400,0.98,0.97,0.87,0.67,0.45,0.06,0.0
claude-3.7-sonnet,,claude,anthropic,?,0.6814,0.7229,1012,120,1400,0.9875,1.0,0.95,0.8325,0.7225,0.2775,0.0,0.6543,0.7229,1012,120,1400,0.985,1.0,0.935,0.79,0.685,0.185,0.0,0.6271,0.7229,1012,120,1400,0.9825,1.0,0.92,0.7475,0.6475,0.0925,0.0,0.6,0.7229,1012,120,1400,0.98,1.0,0.905,0.705,0.61,0.0,0.0
claude-haiku-4.5-think,,claude,anthropic,?,0.4725,0.5071,710,105,1400,0.9775,0.9925,0.8,0.4625,0.075,0.0,0.0,0.4471,0.5071,710,105,1400,0.97,0.99,0.765,0.39,0.015,0.0,0.0,0.4282,0.5071,710,105,1400,0.9625,0.9875,0.73,0.3175,0.0,0.0,0.0,0.4114,0.5071,710,105,1400,0.955,0.985,0.695,0.245,0.0,0.0,0.0
claude-haiku-4.5,,claude,anthropic,?,0.4407,0.47,658,110,1400,0.9925,0.9775,0.6875,0.395,0.0325,0.0,0.0,0.4193,0.47,658,110,1400,0.99,0.97,0.645,0.33,0.0,0.0,0.0,0.4025,0.47,658,110,1400,0.9875,0.9625,0.6025,0.265,0.0,0.0,0.0,0.3857,0.47,658,110,1400,0.985,0.955,0.56,0.2,0.0,0.0,0.0
claude-opus-4-think,,claude,anthropic,?,0.5882,0.6043,846,53,1400,0.995,0.995,0.96,0.7125,0.3625,0.0925,0.0,0.5779,0.6043,846,53,1400,0.995,0.995,0.955,0.69,0.345,0.065,0.0,0.5675,0.6043,846,53,1400,0.995,0.995,0.95,0.6675,0.3275,0.0375,0.0,0.5571,0.6043,846,53,1400,0.995,0.995,0.945,0.645,0.31,0.01,0.0
claude-opus-4.1-think,,claude,anthropic,?,0.6743,0.7,980,79,1400,0.9875,1.0,0.9775,0.905,0.6575,0.1925,0.0,0.6593,0.7,980,79,1400,0.985,1.0,0.975,0.885,0.63,0.14,0.0,0.6443,0.7,980,79,1400,0.9825,1.0,0.9725,0.865,0.6025,0.0875,0.0,0.6293,0.7,980,79,1400,0.98,1.0,0.97,0.845,0.575,0.035,0.0
claude-opus-4.1,,claude,anthropic,?,0.5386,0.555,777,54,1400,0.99,1.0,0.875,0.6325,0.235,0.0375,0.0,0.5293,0.555,777,54,1400,0.99,1.0,0.865,0.61,0.23,0.01,0.0,0.5225,0.555,777,54,1400,0.99,1.0,0.855,0.5875,0.225,0.0,0.0,0.5171,0.555,777,54,1400,0.99,1.0,0.845,0.565,0.22,0.0,0.0
claude-opus-4.5-think,,claude,anthropic,?,0.6782,0.7036,985,94,1400,1.0,1.0,0.9825,0.9075,0.665,0.1925,0.0,0.6636,0.7036,985,94,1400,1.0,1.0,0.98,0.89,0.635,0.14,0.0,0.6489,0.7036,985,94,1400,1.0,1.0,0.9775,0.8725,0.605,0.0875,0.0,0.6343,0.7036,985,94,1400,1.0,1.0,0.975,0.855,0.575,0.035,0.0
claude-opus-4.5,,claude,anthropic,?,0.6729,0.7136,999,127,1400,0.99,0.985,0.9625,0.8625,0.6925,0.2175,0.0,0.6493,0.7136,999,127,1400,0.99,0.98,0.955,0.835,0.65,0.135,0.0,0.6257,0.7136,999,127,1400,0.99,0.975,0.9475,0.8075,0.6075,0.0525,0.0,0.6064,0.7136,999,127,1400,0.99,0.97,0.94,0.78,0.565,0.0,0.0
claude-opus-4.6-think,,claude,anthropic,?,0.7118,0.7536,1055,130,1400,1.0,1.0,0.985,0.9575,0.7725,0.2675,0.0,0.6857,0.7536,1055,130,1400,1.0,1.0,0.98,0.945,0.73,0.145,0.0,0.6596,0.7536,1055,130,1400,1.0,1.0,0.975,0.9325,0.6875,0.0225,0.0,0.6479,0.7536,1055,130,1400,1.0,1.0,0.97,0.92,0.645,0.0,0.0
claude-opus-4.6,,claude,anthropic,?,0.6914,0.7329,1026,134,1400,1.0,0.995,0.98,0.935,0.7275,0.2025,0.0,0.6636,0.7329,1026,134,1400,1.0,0.995,0.975,0.915,0.695,0.065,0.0,0.6461,0.7329,1026,134,1400,1.0,0.995,0.97,0.895,0.6625,0.0,0.0,0.6379,0.7329,1026,134,1400,1.0,0.995,0.965,0.875,0.63,0.0,0.0
claude-opus-4.7-think,,claude,anthropic,?,0.6632,0.6921,969,89,1400,1.0,0.985,0.9725,0.915,0.61,0.16,0.0,0.6436,0.6921,969,89,1400,1.0,0.98,0.965,0.9,0.58,0.08,0.0,0.6239,0.6921,969,89,1400,1.0,0.975,0.9575,0.885,0.55,0.0,0.0,0.6157,0.6921,969,89,1400,1.0,0.97,0.95,0.87,0.52,0.0,0.0
claude-opus-4.7,,claude,anthropic,?,0.6489,0.6721,941,73,1400,1.0,0.985,0.9475,0.895,0.5575,0.1575,0.0,0.6343,0.6721,941,73,1400,1.0,0.98,0.935,0.88,0.535,0.11,0.0,0.6196,0.6721,941,73,1400,1.0,0.975,0.9225,0.865,0.5125,0.0625,0.0,0.605,0.6721,941,73,1400,1.0,0.97,0.91,0.85,0.49,0.015,0.0
claude-opus-4,,claude,anthropic,?,0.4936,0.5057,708,37,1400,0.9875,0.9925,0.82,0.5175,0.1325,0.005,0.0,0.4886,0.5057,708,37,1400,0.985,0.99,0.815,0.5,0.13,0.0,0.0,0.4843,0.5057,708,37,1400,0.9825,0.9875,0.81,0.4825,0.1275,0.0,0.0,0.48,0.5057,708,37,1400,0.98,0.985,0.805,0.465,0.125,0.0,0.0
claude-sonnet-4-think,,claude,anthropic,?,0.5593,0.5757,806,52,1400,0.995,1.0,0.87,0.6675,0.335,0.0475,0.0,0.5471,0.5757,806,52,1400,0.995,1.0,0.85,0.64,0.325,0.02,0.0,0.5361,0.5757,806,52,1400,0.995,1.0,0.83,0.6125,0.315,0.0,0.0,0.5279,0.5757,806,52,1400,0.995,1.0,0.81,0.585,0.305,0.0,0.0
claude-sonnet-4.5-think,,claude,anthropic,?,0.6339,0.66,924,92,1400,0.995,1.0,0.97,0.89,0.525,0.0575,0.0,0.6157,0.66,924,92,1400,0.995,1.0,0.96,0.87,0.485,0.0,0.0,0.6057,0.66,924,92,1400,0.995,1.0,0.95,0.85,0.445,0.0,0.0,0.5957,0.66,924,92,1400,0.995,1.0,0.94,0.83,0.405,0.0,0.0
claude-sonnet-4.5,,claude,anthropic,?,0.5468,0.5629,788,62,1400,0.99,1.0,0.885,0.67,0.2575,0.025,0.0,0.5357,0.5629,788,62,1400,0.99,1.0,0.875,0.645,0.24,0.0,0.0,0.5282,0.5629,788,62,1400,0.99,1.0,0.865,0.62,0.2225,0.0,0.0,0.5207,0.5629,788,62,1400,0.99,1.0,0.855,0.595,0.205,0.0,0.0
claude-sonnet-4.6-think,,claude,anthropic,?,0.6486,0.7029,984,188,1400,0.995,0.9925,0.9475,0.9025,0.64,0.0625,0.0,0.6214,0.7029,984,188,1400,0.995,0.99,0.93,0.87,0.565,0.0,0.0,0.6032,0.7029,984,188,1400,0.995,0.9875,0.9125,0.8375,0.49,0.0,0.0,0.585,0.7029,984,188,1400,0.995,0.985,0.895,0.805,0.415,0.0,0.0
claude-sonnet-4.6,,claude,anthropic,?,0.6411,0.6979,977,192,1400,1.0,1.0,0.95,0.9,0.605,0.0325,0.0,0.62,0.6979,977,192,1400,1.0,1.0,0.935,0.875,0.53,0.0,0.0,0.6036,0.6979,977,192,1400,1.0,1.0,0.92,0.85,0.455,0.0,0.0,0.5871,0.6979,977,192,1400,1.0,1.0,0.905,0.825,0.38,0.0,0.0
claude-sonnet-4,,claude,anthropic,?,0.4996,0.5079,711,33,1400,0.995,0.9925,0.84,0.5225,0.1475,0.0,0.0,0.4957,0.5079,711,33,1400,0.995,0.99,0.84,0.5,0.145,0.0,0.0,0.4918,0.5079,711,33,1400,0.995,0.9875,0.84,0.4775,0.1425,0.0,0.0,0.4879,0.5079,711,33,1400,0.995,0.985,0.84,0.455,0.14,0.0,0.0
command-a,,command,cohere,?,0.5379,0.5979,837,191,1400,0.995,0.9925,0.8925,0.69,0.1925,0.0025,0.0,0.5014,0.5979,837,191,1400,0.995,0.99,0.865,0.615,0.045,0.0,0.0,0.48,0.5979,837,191,1400,0.995,0.9875,0.8375,0.54,0.0,0.0,0.0,0.465,0.5979,837,191,1400,0.995,0.985,0.81,0.465,0.0,0.0,0.0
command-r-plus,104,command,cohere,?,0.4236,0.4557,638,101,1400,0.985,0.94,0.605,0.355,0.08,0.0,0.0,0.3964,0.4557,638,101,1400,0.98,0.93,0.555,0.265,0.045,0.0,0.0,0.3693,0.4557,638,101,1400,0.975,0.92,0.505,0.175,0.01,0.0,0.0,0.3457,0.4557,638,101,1400,0.97,0.91,0.455,0.085,0.0,0.0,0.0
command-r7b,7,command,cohere,?,0.2696,0.3593,503,483,1400,0.9475,0.77,0.17,0.0,0.0,0.0,0.0,0.2321,0.3593,503,483,1400,0.93,0.695,0.0,0.0,0.0,0.0,0.0,0.2189,0.3593,503,483,1400,0.9125,0.62,0.0,0.0,0.0,0.0,0.0,0.2057,0.3593,503,483,1400,0.895,0.545,0.0,0.0,0.0,0.0,0.0
deepseek-r1-distill-llama-70b-think,70,deepseek-distill,deepseek,?,0.4882,0.5736,803,363,1400,0.9775,0.9475,0.7825,0.5275,0.1825,0.0,0.0,0.4279,0.5736,803,363,1400,0.97,0.93,0.715,0.38,0.0,0.0,0.0,0.3936,0.5736,803,363,1400,0.9625,0.9125,0.6475,0.2325,0.0,0.0,0.0,0.3593,0.5736,803,363,1400,0.955,0.895,0.58,0.085,0.0,0.0,0.0
deepseek-r1-distill-qwen-32b-think,32,deepseek-distill,deepseek,?,0.3511,0.4293,601,571,1400,0.97,0.9325,0.555,0.0,0.0,0.0,0.0,0.3264,0.4293,601,571,1400,0.96,0.91,0.415,0.0,0.0,0.0,0.0,0.3018,0.4293,601,571,1400,0.95,0.8875,0.275,0.0,0.0,0.0,0.0,0.2771,0.4293,601,571,1400,0.94,0.865,0.135,0.0,0.0,0.0,0.0
deepseek-r1-think,671,deepseek,deepseek,?,0.6271,0.6793,951,153,1400,1.0,0.9625,0.93,0.8375,0.57,0.09,0.0,0.595,0.6793,951,153,1400,1.0,0.95,0.915,0.8,0.5,0.0,0.0,0.5757,0.6793,951,153,1400,1.0,0.9375,0.9,0.7625,0.43,0.0,0.0,0.5564,0.6793,951,153,1400,1.0,0.925,0.885,0.725,0.36,0.0,0.0
deepseek-v3.1-nex-n1,671,deepseek,nex-agi,?,0.3757,0.3836,537,29,1400,0.9825,0.9625,0.4775,0.1925,0.015,0.0,0.0,0.3707,0.3836,537,29,1400,0.98,0.955,0.47,0.175,0.015,0.0,0.0,0.3657,0.3836,537,29,1400,0.9775,0.9475,0.4625,0.1575,0.015,0.0,0.0,0.3607,0.3836,537,29,1400,0.975,0.94,0.455,0.14,0.015,0.0,0.0
deepseek-v3.1,,deepseek,deepseek,?,0.5621,0.5857,820,105,1400,0.995,0.985,0.865,0.6775,0.3375,0.075,0.0,0.5436,0.5857,820,105,1400,0.995,0.98,0.85,0.64,0.315,0.025,0.0,0.5286,0.5857,820,105,1400,0.995,0.975,0.835,0.6025,0.2925,0.0,0.0,0.5171,0.5857,820,105,1400,0.995,0.97,0.82,0.565,0.27,0.0,0.0
deepseek-v3.2-think,671,deepseek,deepseek,?,0.6268,0.69,966,233,1400,1.0,0.9925,0.945,0.8225,0.5675,0.06,0.0,0.5971,0.69,966,233,1400,1.0,0.99,0.93,0.785,0.475,0.0,0.0,0.5761,0.69,966,233,1400,1.0,0.9875,0.915,0.7475,0.3825,0.0,0.0,0.555,0.69,966,233,1400,1.0,0.985,0.9,0.71,0.29,0.0,0.0
deepseek-v3.2,671,deepseek,deepseek,?,0.6143,0.655,917,158,1400,0.985,1.0,0.9425,0.77,0.5575,0.045,0.0,0.5921,0.655,917,158,1400,0.98,1.0,0.93,0.725,0.51,0.0,0.0,0.5764,0.655,917,158,1400,0.975,1.0,0.9175,0.68,0.4625,0.0,0.0,0.5607,0.655,917,158,1400,0.97,1.0,0.905,0.635,0.415,0.0,0.0
deepseek-v3,671,deepseek,deepseek,?,0.6211,0.6771,948,192,1400,0.995,0.9925,0.945,0.8525,0.5125,0.05,0.0,0.595,0.6771,948,192,1400,0.995,0.99,0.93,0.81,0.44,0.0,0.0,0.5761,0.6771,948,192,1400,0.995,0.9875,0.915,0.7675,0.3675,0.0,0.0,0.5571,0.6771,948,192,1400,0.995,0.985,0.9,0.725,0.295,0.0,0.0
deepseek-v4-flash-think,284,deepseek,deepseek,?,0.6596,0.7279,1019,256,1400,1.0,0.9925,0.98,0.895,0.6025,0.1475,0.0,0.6179,0.7279,1019,256,1400,1.0,0.99,0.975,0.86,0.5,0.0,0.0,0.5971,0.7279,1019,256,1400,1.0,0.9875,0.97,0.825,0.3975,0.0,0.0,0.5764,0.7279,1019,256,1400,1.0,0.985,0.965,0.79,0.295,0.0,0.0
deepseek-v4-flash,284,deepseek,deepseek,?,0.6782,0.745,1043,241,1400,0.9875,1.0,0.9625,0.8525,0.705,0.24,0.0,0.6293,0.745,1043,241,1400,0.985,1.0,0.95,0.805,0.63,0.035,0.0,0.6046,0.745,1043,241,1400,0.9825,1.0,0.9375,0.7575,0.555,0.0,0.0,0.585,0.745,1043,241,1400,0.98,1.0,0.925,0.71,0.48,0.0,0.0
deepseek-v4-pro-think,1600,deepseek,deepseek,?,0.6943,0.7521,1053,183,1400,1.0,0.9925,0.945,0.935,0.74,0.2475,0.0,0.655,0.7521,1053,183,1400,1.0,0.99,0.93,0.915,0.68,0.07,0.0,0.6311,0.7521,1053,183,1400,1.0,0.9875,0.915,0.895,0.62,0.0,0.0,0.6171,0.7521,1053,183,1400,1.0,0.985,0.9,0.875,0.56,0.0,0.0
deepseek-v4-pro,1600,deepseek,deepseek,?,0.5721,0.5871,822,47,1400,0.9875,0.98,0.8975,0.75,0.285,0.105,0.0,0.5629,0.5871,822,47,1400,0.985,0.975,0.895,0.74,0.275,0.07,0.0,0.5536,0.5871,822,47,1400,0.9825,0.97,0.8925,0.73,0.265,0.035,0.0,0.5443,0.5871,822,47,1400,0.98,0.965,0.89,0.72,0.255,0.0,0.0
ernie-4.5-300b-a47b,300,ernie,baidu,?,0.4936,0.525,735,110,1400,0.9875,0.9775,0.7975,0.505,0.1875,0.0,0.0,0.47,0.525,735,110,1400,0.985,0.97,0.77,0.43,0.135,0.0,0.0,0.4464,0.525,735,110,1400,0.9825,0.9625,0.7425,0.355,0.0825,0.0,0.0,0.4229,0.525,735,110,1400,0.98,0.955,0.715,0.28,0.03,0.0,0.0
gemini-2.0-flash,,gemini,google,?,0.5479,0.6593,923,432,1400,0.9925,0.9775,0.91,0.7325,0.2225,0.0,0.0,0.4979,0.6593,923,432,1400,0.99,0.97,0.88,0.645,0.0,0.0,0.0,0.4796,0.6593,923,432,1400,0.9875,0.9625,0.85,0.5575,0.0,0.0,0.0,0.4614,0.6593,923,432,1400,0.985,0.955,0.82,0.47,0.0,0.0,0.0
gemini-2.5-flash-lite-think,,gemini,google,?,0.5054,0.6007,841,514,1400,1.0,0.985,0.85,0.6275,0.075,0.0,0.0,0.4693,0.6007,841,514,1400,1.0,0.98,0.8,0.505,0.0,0.0,0.0,0.4439,0.6007,841,514,1400,1.0,0.975,0.75,0.3825,0.0,0.0,0.0,0.4186,0.6007,841,514,1400,1.0,0.97,0.7,0.26,0.0,0.0,0.0
gemini-2.5-flash-lite,,gemini,google,?,0.4836,0.555,777,342,1400,0.9875,0.9775,0.82,0.495,0.105,0.0,0.0,0.4414,0.555,777,342,1400,0.985,0.97,0.77,0.365,0.0,0.0,0.0,0.4143,0.555,777,342,1400,0.9825,0.9625,0.72,0.235,0.0,0.0,0.0,0.3871,0.555,777,342,1400,0.98,0.955,0.67,0.105,0.0,0.0,0.0
gemini-2.5-flash-think,,gemini,google,?,0.5986,0.6964,975,347,1400,1.0,0.9925,0.925,0.7525,0.485,0.035,0.0,0.555,0.6964,975,347,1400,1.0,0.99,0.9,0.67,0.325,0.0,0.0,0.5164,0.6964,975,347,1400,1.0,0.9875,0.875,0.5875,0.165,0.0,0.0,0.4779,0.6964,975,347,1400,1.0,0.985,0.85,0.505,0.005,0.0,0.0
gemini-2.5-flash,,gemini,google,?,0.5632,0.6121,857,142,1400,0.9875,0.985,0.8575,0.725,0.285,0.1025,0.0,0.5257,0.6121,857,142,1400,0.985,0.98,0.825,0.665,0.21,0.015,0.0,0.4986,0.6121,857,142,1400,0.9825,0.975,0.7925,0.605,0.135,0.0,0.0,0.4736,0.6121,857,142,1400,0.98,0.97,0.76,0.545,0.06,0.0,0.0
gemini-2.5-pro-think,,gemini,google,?,0.7,0.7843,1098,295,1400,0.985,1.0,0.985,0.9025,0.7225,0.305,0.0,0.6479,0.7843,1098,295,1400,0.98,1.0,0.98,0.87,0.63,0.075,0.0,0.6179,0.7843,1098,295,1400,0.975,1.0,0.975,0.8375,0.5375,0.0,0.0,0.5986,0.7843,1098,295,1400,0.97,1.0,0.97,0.805,0.445,0.0,0.0
gemini-2.5-pro,,gemini,google,?,0.7082,0.7864,1101,292,1400,0.9925,1.0,0.985,0.9175,0.7025,0.36,0.0,0.6593,0.7864,1101,292,1400,0.99,1.0,0.98,0.89,0.605,0.15,0.0,0.6189,0.7864,1101,292,1400,0.9875,1.0,0.975,0.8625,0.5075,0.0,0.0,0.6,0.7864,1101,292,1400,0.985,1.0,0.97,0.835,0.41,0.0,0.0
gemini-3-flash-think,,gemini,google,?,0.8011,0.8593,1203,187,1400,1.0,0.9925,0.985,0.94,0.9625,0.7275,0.0,0.7829,0.8593,1203,187,1400,1.0,0.99,0.98,0.92,0.95,0.64,0.0,0.7646,0.8593,1203,187,1400,1.0,0.9875,0.975,0.9,0.9375,0.5525,0.0,0.7464,0.8593,1203,187,1400,1.0,0.985,0.97,0.88,0.925,0.465,0.0
gemini-3-flash,,gemini,google,?,0.7946,0.8464,1185,208,1400,1.0,1.0,0.9775,0.9325,0.955,0.6975,0.0,0.7743,0.8464,1185,208,1400,1.0,1.0,0.97,0.91,0.94,0.6,0.0,0.7539,0.8464,1185,208,1400,1.0,1.0,0.9625,0.8875,0.925,0.5025,0.0,0.7336,0.8464,1185,208,1400,1.0,1.0,0.955,0.865,0.91,0.405,0.0
gemini-3.1-flash-lite,,gemini,google,?,0.7004,0.7657,1072,290,1400,0.99,0.985,0.965,0.885,0.805,0.2725,0.0,0.6514,0.7657,1072,290,1400,0.99,0.98,0.955,0.85,0.745,0.04,0.0,0.63,0.7657,1072,290,1400,0.99,0.975,0.945,0.815,0.685,0.0,0.0,0.6143,0.7657,1072,290,1400,0.99,0.97,0.935,0.78,0.625,0.0,0.0
gemini-3.1-pro,,gemini,google,?,0.8339,0.8529,1194,62,1400,1.0,0.9925,0.9925,0.9775,0.9575,0.9175,0.0,0.8293,0.8529,1194,62,1400,1.0,0.99,0.99,0.97,0.95,0.905,0.0,0.8246,0.8529,1194,62,1400,1.0,0.9875,0.9875,0.9625,0.9425,0.8925,0.0,0.82,0.8529,1194,62,1400,1.0,0.985,0.985,0.955,0.935,0.88,0.0
gemma-2-27b,27,gemma2,google,?,0.3568,0.425,595,275,1400,0.985,0.9325,0.4975,0.0825,0.0,0.0,0.0,0.3214,0.425,595,275,1400,0.98,0.91,0.36,0.0,0.0,0.0,0.0,0.2979,0.425,595,275,1400,0.975,0.8875,0.2225,0.0,0.0,0.0,0.0,0.2743,0.425,595,275,1400,0.97,0.865,0.085,0.0,0.0,0.0,0.0
gemma-2-2b,2.6,gemma2,google,?,0.2132,0.3214,450,842,1400,0.91,0.5825,0.0,0.0,0.0,0.0,0.0,0.1893,0.3214,450,842,1400,0.88,0.445,0.0,0.0,0.0,0.0,0.0,0.1654,0.3214,450,842,1400,0.85,0.3075,0.0,0.0,0.0,0.0,0.0,0.1414,0.3214,450,842,1400,0.82,0.17,0.0,0.0,0.0,0.0,0.0
gemma-3-12b,12,gemma3,google,?,0.2982,0.3986,558,810,1400,0.9675,0.9025,0.2175,0.0,0.0,0.0,0.0,0.2614,0.3986,558,810,1400,0.96,0.87,0.0,0.0,0.0,0.0,0.0,0.2557,0.3986,558,810,1400,0.9525,0.8375,0.0,0.0,0.0,0.0,0.0,0.25,0.3986,558,810,1400,0.945,0.805,0.0,0.0,0.0,0.0,0.0
gemma-3-1b,1,gemma3,google,?,0.1371,0.2064,289,1081,1400,0.7275,0.2325,0.0,0.0,0.0,0.0,0.0,0.0914,0.2064,289,1081,1400,0.64,0.0,0.0,0.0,0.0,0.0,0.0,0.0789,0.2064,289,1081,1400,0.5525,0.0,0.0,0.0,0.0,0.0,0.0,0.0664,0.2064,289,1081,1400,0.465,0.0,0.0,0.0,0.0,0.0,0.0
gemma-3-270m,0.268,gemma,google,?,0.0289,0.1436,201,520,1400,0.1575,0.0,0.0,0.0,0.045,0.0,0.0,0.0014,0.1436,201,520,1400,0.01,0.0,0.0,0.0,0.0,0.0,0.0,0.0,0.1436,201,520,1400,0.0,0.0,0.0,0.0,0.0,0.0,0.0,0.0,0.1436,201,520,1400,0.0,0.0,0.0,0.0,0.0,0.0,0.0
gemma-3-27b,27,gemma3,google,?,0.3479,0.4629,648,744,1400,0.9825,0.97,0.4575,0.025,0.0,0.0,0.0,0.3171,0.4629,648,744,1400,0.98,0.96,0.28,0.0,0.0,0.0,0.0,0.29,0.4629,648,744,1400,0.9775,0.95,0.1025,0.0,0.0,0.0,0.0,0.2736,0.4629,648,744,1400,0.975,0.94,0.0,0.0,0.0,0.0,0.0
gemma-3-4b,4,gemma3,google,?,0.2364,0.3314,464,898,1400,0.97,0.685,0.0,0.0,0.0,0.0,0.0,0.22,0.3314,464,898,1400,0.96,0.58,0.0,0.0,0.0,0.0,0.0,0.2036,0.3314,464,898,1400,0.95,0.475,0.0,0.0,0.0,0.0,0.0,0.1871,0.3314,464,898,1400,0.94,0.37,0.0,0.0,0.0,0.0,0.0
gemma-3n-e4b,4,gemma3n,google,?,0.2589,0.3421,479,775,1400,0.985,0.8125,0.015,0.0,0.0,0.0,0.0,0.2471,0.3421,479,775,1400,0.98,0.75,0.0,0.0,0.0,0.0,0.0,0.2375,0.3421,479,775,1400,0.975,0.6875,0.0,0.0,0.0,0.0,0.0,0.2279,0.3421,479,775,1400,0.97,0.625,0.0,0.0,0.0,0.0,0.0
gemma-4-26b-a4b,26,gemma4,google,?,0.3561,0.4514,632,523,1400,0.9925,0.9725,0.4375,0.09,0.0,0.0,0.0,0.3171,0.4514,632,523,1400,0.99,0.965,0.265,0.0,0.0,0.0,0.0,0.2911,0.4514,632,523,1400,0.9875,0.9575,0.0925,0.0,0.0,0.0,0.0,0.2764,0.4514,632,523,1400,0.985,0.95,0.0,0.0,0.0,0.0,0.0
gemma-4-31b,31,gemma4,google,?,0.3661,0.4721,661,592,1400,0.995,0.985,0.5225,0.06,0.0,0.0,0.0,0.335,0.4721,661,592,1400,0.995,0.98,0.37,0.0,0.0,0.0,0.0,0.3125,0.4721,661,592,1400,0.995,0.975,0.2175,0.0,0.0,0.0,0.0,0.29,0.4721,661,592,1400,0.995,0.97,0.065,0.0,0.0,0.0,0.0
glm-4-32b,32,glm,zhipu,?,0.4236,0.4957,694,290,1400,0.9675,0.97,0.6975,0.33,0.0,0.0,0.0,0.3821,0.4957,694,290,1400,0.96,0.96,0.61,0.145,0.0,0.0,0.0,0.3464,0.4957,694,290,1400,0.9525,0.95,0.5225,0.0,0.0,0.0,0.0,0.3314,0.4957,694,290,1400,0.945,0.94,0.435,0.0,0.0,0.0,0.0
glm-4.5-air-think,,glm,zhipu,?,0.5204,0.5793,811,220,1400,0.9925,0.985,0.8525,0.5925,0.22,0.0,0.0,0.4829,0.5793,811,220,1400,0.99,0.98,0.815,0.49,0.105,0.0,0.0,0.4468,0.5793,811,220,1400,0.9875,0.975,0.7775,0.3875,0.0,0.0,0.0,0.4257,0.5793,811,220,1400,0.985,0.97,0.74,0.285,0.0,0.0,0.0
glm-4.5-think,,glm,zhipu,?,0.6082,0.6514,912,121,1400,0.995,0.9925,0.945,0.7425,0.5,0.08,0.0025,0.5779,0.6514,912,121,1400,0.995,0.99,0.94,0.685,0.435,0.0,0.0,0.5593,0.6514,912,121,1400,0.995,0.9875,0.935,0.6275,0.37,0.0,0.0,0.5407,0.6514,912,121,1400,0.995,0.985,0.93,0.57,0.305,0.0,0.0
glm-4.6-think,,glm,zhipu,?,0.6275,0.7243,1014,359,1400,0.9925,0.98,0.9275,0.89,0.5775,0.025,0.0,0.595,0.7243,1014,359,1400,0.99,0.975,0.905,0.855,0.44,0.0,0.0,0.5661,0.7243,1014,359,1400,0.9875,0.97,0.8825,0.82,0.3025,0.0,0.0,0.5371,0.7243,1014,359,1400,0.985,0.965,0.86,0.785,0.165,0.0,0.0
glm-4.7-flash-think,,glm,zhipu,?,0.445,0.535,749,601,1400,0.9775,0.9925,0.8275,0.3175,0.0,0.0,0.0,0.4036,0.535,749,601,1400,0.97,0.99,0.77,0.095,0.0,0.0,0.0,0.3804,0.535,749,601,1400,0.9625,0.9875,0.7125,0.0,0.0,0.0,0.0,0.3707,0.535,749,601,1400,0.955,0.985,0.655,0.0,0.0,0.0,0.0
glm-4.7-think,,glm,zhipu,?,0.6357,0.7214,1010,331,1400,0.9925,0.9875,0.955,0.88,0.5775,0.0575,0.0,0.6,0.7214,1010,331,1400,0.99,0.985,0.94,0.84,0.445,0.0,0.0,0.5725,0.7214,1010,331,1400,0.9875,0.9825,0.925,0.8,0.3125,0.0,0.0,0.545,0.7214,1010,331,1400,0.985,0.98,0.91,0.76,0.18,0.0,0.0
glm-5-think,,glm,zhipu,?,0.6493,0.735,1029,317,1400,0.98,0.9875,0.9625,0.875,0.6625,0.0775,0.0,0.6143,0.735,1029,317,1400,0.975,0.985,0.95,0.835,0.555,0.0,0.0,0.5904,0.735,1029,317,1400,0.97,0.9825,0.9375,0.795,0.4475,0.0,0.0,0.5664,0.735,1029,317,1400,0.965,0.98,0.925,0.755,0.34,0.0,0.0
glm-5-turbo-think,,glm,zhipu,?,0.6329,0.6921,969,195,1400,0.995,0.9925,0.9625,0.8275,0.585,0.0675,0.0,0.6007,0.6921,969,195,1400,0.995,0.99,0.95,0.775,0.495,0.0,0.0,0.5782,0.6921,969,195,1400,0.995,0.9875,0.9375,0.7225,0.405,0.0,0.0,0.5557,0.6921,969,195,1400,0.995,0.985,0.925,0.67,0.315,0.0,0.0
glm-5.1-think,,glm,zhipu,?,0.6621,0.7257,1016,225,1400,0.9525,0.97,0.975,0.9125,0.6925,0.1325,0.0,0.6229,0.7257,1016,225,1400,0.94,0.96,0.97,0.885,0.605,0.0,0.0,0.6025,0.7257,1016,225,1400,0.9275,0.95,0.965,0.8575,0.5175,0.0,0.0,0.5821,0.7257,1016,225,1400,0.915,0.94,0.96,0.83,0.43,0.0,0.0
gpt-3.5-turbo,,gpt,openai,?,0.5507,0.6171,864,335,1400,0.9925,0.985,0.915,0.64,0.3225,0.0,0.0,0.5121,0.6171,864,335,1400,0.99,0.98,0.89,0.535,0.19,0.0,0.0,0.4736,0.6171,864,335,1400,0.9875,0.975,0.865,0.43,0.0575,0.0,0.0,0.4457,0.6171,864,335,1400,0.985,0.97,0.84,0.325,0.0,0.0,0.0
gpt-4-turbo,,gpt,openai,?,0.6525,0.7193,1007,236,1400,0.99,1.0,0.97,0.875,0.7025,0.03,0.0,0.6329,0.7193,1007,236,1400,0.99,1.0,0.96,0.84,0.64,0.0,0.0,0.6175,0.7193,1007,236,1400,0.99,1.0,0.95,0.805,0.5775,0.0,0.0,0.6021,0.7193,1007,236,1400,0.99,1.0,0.94,0.77,0.515,0.0,0.0
gpt-4.1-mini,,gpt,openai,?,0.5561,0.67,938,460,1400,0.9925,0.985,0.9025,0.73,0.2825,0.0,0.0,0.5036,0.67,938,460,1400,0.99,0.98,0.87,0.64,0.045,0.0,0.0,0.4786,0.67,938,460,1400,0.9875,0.975,0.8375,0.55,0.0,0.0,0.0,0.46,0.67,938,460,1400,0.985,0.97,0.805,0.46,0.0,0.0,0.0
gpt-4.1-nano,,gpt,openai,?,0.4282,0.5336,747,521,1400,1.0,0.9475,0.7075,0.3375,0.005,0.0,0.0,0.3814,0.5336,747,521,1400,1.0,0.93,0.615,0.125,0.0,0.0,0.0,0.3479,0.5336,747,521,1400,1.0,0.9125,0.5225,0.0,0.0,0.0,0.0,0.3321,0.5336,747,521,1400,1.0,0.895,0.43,0.0,0.0,0.0,0.0
gpt-4.1,,gpt,openai,?,0.6821,0.7679,1075,319,1400,1.0,0.9775,0.985,0.8875,0.7,0.225,0.0,0.6286,0.7679,1075,319,1400,1.0,0.97,0.98,0.85,0.6,0.0,0.0,0.6071,0.7679,1075,319,1400,1.0,0.9625,0.975,0.8125,0.5,0.0,0.0,0.5857,0.7679,1075,319,1400,1.0,0.955,0.97,0.775,0.4,0.0,0.0
gpt-4,1800,gpt,openai,?,0.6404,0.6843,958,140,1400,0.9925,0.985,0.95,0.7825,0.61,0.1625,0.0,0.6079,0.6843,958,140,1400,0.99,0.98,0.935,0.74,0.565,0.045,0.0,0.5857,0.6843,958,140,1400,0.9875,0.975,0.92,0.6975,0.52,0.0,0.0,0.57,0.6843,958,140,1400,0.985,0.97,0.905,0.655,0.475,0.0,0.0
gpt-4o-mini,,gpt,openai,?,0.4693,0.5514,772,444,1400,0.9825,0.97,0.8175,0.49,0.025,0.0,0.0,0.4329,0.5514,772,444,1400,0.98,0.96,0.76,0.33,0.0,0.0,0.0,0.4,0.5514,772,444,1400,0.9775,0.95,0.7025,0.17,0.0,0.0,0.0,0.3671,0.5514,772,444,1400,0.975,0.94,0.645,0.01,0.0,0.0,0.0
gpt-4o,,gpt,openai,?,0.6111,0.6429,900,94,1400,0.9875,0.9775,0.8775,0.7575,0.5225,0.155,0.0,0.5907,0.6429,900,94,1400,0.985,0.97,0.86,0.73,0.51,0.08,0.0,0.5704,0.6429,900,94,1400,0.9825,0.9625,0.8425,0.7025,0.4975,0.005,0.0,0.56,0.6429,900,94,1400,0.98,0.955,0.825,0.675,0.485,0.0,0.0
gpt-5-mini-think,,gpt5,openai,?,0.5414,0.5564,779,42,1400,0.995,0.9925,0.8925,0.6075,0.24,0.05,0.0125,0.5293,0.5564,779,42,1400,0.995,0.99,0.885,0.585,0.22,0.03,0.0,0.5189,0.5564,779,42,1400,0.995,0.9875,0.8775,0.5625,0.2,0.01,0.0,0.51,0.5564,779,42,1400,0.995,0.985,0.87,0.54,0.18,0.0,0.0
gpt-5-mini,,gpt5,openai,?,0.5404,0.5529,774,35,1400,0.995,0.995,0.8825,0.6175,0.225,0.0525,0.015,0.53,0.5529,774,35,1400,0.995,0.995,0.875,0.59,0.215,0.04,0.0,0.5218,0.5529,774,35,1400,0.995,0.995,0.8675,0.5625,0.205,0.0275,0.0,0.5136,0.5529,774,35,1400,0.995,0.995,0.86,0.535,0.195,0.015,0.0
gpt-5-nano-think,,gpt5,openai,?,0.4446,0.46,644,56,1400,1.0,0.9925,0.715,0.375,0.03,0.0,0.0,0.4321,0.46,644,56,1400,1.0,0.99,0.69,0.335,0.01,0.0,0.0,0.4211,0.46,644,56,1400,1.0,0.9875,0.665,0.295,0.0,0.0,0.0,0.4114,0.46,644,56,1400,1.0,0.985,0.64,0.255,0.0,0.0,0.0
gpt-5-nano,,gpt5,openai,?,0.4339,0.4507,631,58,1400,0.9925,0.9725,0.705,0.3475,0.0175,0.0025,0.0,0.42,0.4507,631,58,1400,0.99,0.965,0.69,0.295,0.0,0.0,0.0,0.4089,0.4507,631,58,1400,0.9875,0.9575,0.675,0.2425,0.0,0.0,0.0,0.3979,0.4507,631,58,1400,0.985,0.95,0.66,0.19,0.0,0.0,0.0
gpt-5-pro,,gpt5,openai,?,0.7064,0.7614,1066,154,1400,1.0,0.985,0.985,0.9125,0.7375,0.32,0.005,0.6743,0.7614,1066,154,1400,1.0,0.98,0.98,0.89,0.7,0.17,0.0,0.6429,0.7614,1066,154,1400,1.0,0.975,0.975,0.8675,0.6625,0.02,0.0,0.63,0.7614,1066,154,1400,1.0,0.97,0.97,0.845,0.625,0.0,0.0
gpt-5-think,,gpt5,openai,?,0.71,0.7579,1061,138,1400,0.995,0.9925,0.9725,0.89,0.7925,0.3275,0.0,0.6836,0.7579,1061,138,1400,0.995,0.99,0.965,0.86,0.775,0.2,0.0,0.6571,0.7579,1061,138,1400,0.995,0.9875,0.9575,0.83,0.7575,0.0725,0.0,0.6386,0.7579,1061,138,1400,0.995,0.985,0.95,0.8,0.74,0.0,0.0
gpt-5.1,,gpt5,openai,?,0.6475,0.6779,949,89,1400,0.99,0.98,0.945,0.8125,0.61,0.195,0.0,0.6271,0.6779,949,89,1400,0.99,0.975,0.935,0.775,0.59,0.125,0.0,0.6068,0.6779,949,89,1400,0.99,0.97,0.925,0.7375,0.57,0.055,0.0,0.5886,0.6779,949,89,1400,0.99,0.965,0.915,0.7,0.55,0.0,0.0
gpt-5.2-pro,,gpt5,openai,?,0.6375,0.6807,953,135,1400,0.995,0.9925,0.9575,0.8575,0.515,0.145,0.0,0.6064,0.6807,953,135,1400,0.995,0.99,0.945,0.82,0.455,0.04,0.0,0.5846,0.6807,953,135,1400,0.995,0.9875,0.9325,0.7825,0.395,0.0,0.0,0.5686,0.6807,953,135,1400,0.995,0.985,0.92,0.745,0.335,0.0,0.0
gpt-5.2,,gpt5,openai,?,0.6336,0.675,945,129,1400,0.995,0.985,0.97,0.845,0.515,0.125,0.0,0.6043,0.675,945,129,1400,0.995,0.98,0.965,0.81,0.45,0.03,0.0,0.5843,0.675,945,129,1400,0.995,0.975,0.96,0.775,0.385,0.0,0.0,0.5686,0.675,945,129,1400,0.995,0.97,0.955,0.74,0.32,0.0,0.0
gpt-5.3,,gpt5,openai,?,0.6668,0.7179,1005,182,1400,1.0,0.9925,0.9775,0.87,0.655,0.1725,0.0,0.6329,0.7179,1005,182,1400,1.0,0.99,0.97,0.835,0.59,0.045,0.0,0.6107,0.7179,1005,182,1400,1.0,0.9875,0.9625,0.8,0.525,0.0,0.0,0.595,0.7179,1005,182,1400,1.0,0.985,0.955,0.765,0.46,0.0,0.0
gpt-5.4-mini,,gpt5,openai,?,0.5793,0.6414,898,231,1400,1.0,0.985,0.8725,0.765,0.4325,0.0,0.0,0.5514,0.6414,898,231,1400,1.0,0.98,0.835,0.705,0.34,0.0,0.0,0.5236,0.6414,898,231,1400,1.0,0.975,0.7975,0.645,0.2475,0.0,0.0,0.4957,0.6414,898,231,1400,1.0,0.97,0.76,0.585,0.155,0.0,0.0
gpt-5.4-nano,,gpt5,openai,?,0.3568,0.395,553,159,1400,0.9475,0.91,0.5175,0.1225,0.0,0.0,0.0,0.3286,0.395,553,159,1400,0.94,0.895,0.46,0.005,0.0,0.0,0.0,0.3164,0.395,553,159,1400,0.9325,0.88,0.4025,0.0,0.0,0.0,0.0,0.305,0.395,553,159,1400,0.925,0.865,0.345,0.0,0.0,0.0,0.0
gpt-5.4-pro,,gpt5,openai,?,0.7011,0.7743,1084,276,1400,1.0,0.9925,0.9775,0.9175,0.765,0.255,0.0,0.6529,0.7743,1084,276,1400,1.0,0.99,0.97,0.89,0.7,0.02,0.0,0.6354,0.7743,1084,276,1400,1.0,0.9875,0.9625,0.8625,0.635,0.0,0.0,0.6207,0.7743,1084,276,1400,1.0,0.985,0.955,0.835,0.57,0.0,0.0
gpt-5.4,,gpt5,openai,?,0.6489,0.7143,1000,236,1400,1.0,0.9775,0.935,0.8725,0.635,0.1225,0.0,0.6129,0.7143,1000,236,1400,1.0,0.97,0.915,0.835,0.57,0.0,0.0,0.5943,0.7143,1000,236,1400,1.0,0.9625,0.895,0.7975,0.505,0.0,0.0,0.5757,0.7143,1000,236,1400,1.0,0.955,0.875,0.76,0.44,0.0,0.0
gpt-5.5-pro,,gpt5,openai,?,0.7711,0.83,1162,232,1400,1.0,1.0,0.9625,0.9625,0.89,0.5825,0.0,0.7429,0.83,1162,232,1400,1.0,1.0,0.95,0.95,0.855,0.445,0.0,0.7146,0.83,1162,232,1400,1.0,1.0,0.9375,0.9375,0.82,0.3075,0.0,0.6864,0.83,1162,232,1400,1.0,1.0,0.925,0.925,0.785,0.17,0.0
gpt-5.5-think,,gpt5,openai,?,0.7614,0.8207,1149,229,1400,1.0,1.0,0.9625,0.94,0.88,0.5475,0.0,0.7314,0.8207,1149,229,1400,1.0,1.0,0.95,0.92,0.845,0.405,0.0,0.7014,0.8207,1149,229,1400,1.0,1.0,0.9375,0.9,0.81,0.2625,0.0,0.6714,0.8207,1149,229,1400,1.0,1.0,0.925,0.88,0.775,0.12,0.0
gpt-5.5,,gpt5,openai,?,0.7646,0.8221,1151,229,1400,1.0,1.0,0.97,0.94,0.9125,0.53,0.0,0.735,0.8221,1151,229,1400,1.0,1.0,0.96,0.92,0.885,0.38,0.0,0.7054,0.8221,1151,229,1400,1.0,1.0,0.95,0.9,0.8575,0.23,0.0,0.6757,0.8221,1151,229,1400,1.0,1.0,0.94,0.88,0.83,0.08,0.0
gpt-5,,gpt5,openai,?,0.705,0.7536,1055,136,1400,0.995,0.9925,0.9775,0.89,0.7575,0.32,0.0025,0.6779,0.7536,1055,136,1400,0.995,0.99,0.97,0.86,0.735,0.195,0.0,0.6511,0.7536,1055,136,1400,0.995,0.9875,0.9625,0.83,0.7125,0.07,0.0,0.6321,0.7536,1055,136,1400,0.995,0.985,0.955,0.8,0.69,0.0,0.0
gpt-oss-120b-think,120,gpt-oss,openai,?,0.4536,0.5564,779,445,1400,0.9625,0.9775,0.76,0.425,0.05,0.0,0.0,0.4071,0.5564,779,445,1400,0.955,0.97,0.685,0.24,0.0,0.0,0.0,0.3679,0.5564,779,445,1400,0.9475,0.9625,0.61,0.055,0.0,0.0,0.0,0.3471,0.5564,779,445,1400,0.94,0.955,0.535,0.0,0.0,0.0,0.0
gpt-oss-20b-think,20,gpt-oss,openai,?,0.3396,0.4357,610,709,1400,0.9925,0.9325,0.4525,0.0,0.0,0.0,0.0,0.3107,0.4357,610,709,1400,0.99,0.91,0.275,0.0,0.0,0.0,0.0,0.2818,0.4357,610,709,1400,0.9875,0.8875,0.0975,0.0,0.0,0.0,0.0,0.2643,0.4357,610,709,1400,0.985,0.865,0.0,0.0,0.0,0.0,0.0
granite-3.3-2b,2,granite,ibm,?,0.2121,0.3,420,923,1400,0.865,0.62,0.0,0.0,0.0,0.0,0.0,0.1879,0.3,420,923,1400,0.82,0.495,0.0,0.0,0.0,0.0,0.0,0.1636,0.3,420,923,1400,0.775,0.37,0.0,0.0,0.0,0.0,0.0,0.1393,0.3,420,923,1400,0.73,0.245,0.0,0.0,0.0,0.0,0.0
grok-3-mini-think,,grok,xai,?,0.5586,0.6007,841,127,1400,1.0,0.955,0.9175,0.72,0.31,0.0075,0.0,0.5314,0.6007,841,127,1400,1.0,0.94,0.895,0.66,0.225,0.0,0.0,0.5054,0.6007,841,127,1400,1.0,0.925,0.8725,0.6,0.14,0.0,0.0,0.4793,0.6007,841,127,1400,1.0,0.91,0.85,0.54,0.055,0.0,0.0
grok-3,,grok,xai,?,0.6961,0.7429,1040,152,1400,1.0,1.0,0.965,0.9025,0.76,0.245,0.0,0.6579,0.7429,1040,152,1400,1.0,1.0,0.955,0.87,0.71,0.07,0.0,0.6346,0.7429,1040,152,1400,1.0,1.0,0.945,0.8375,0.66,0.0,0.0,0.6214,0.7429,1040,152,1400,1.0,1.0,0.935,0.805,0.61,0.0,0.0
grok-4.20-think,,grok,xai,?,0.6186,0.6521,913,94,1400,1.0,0.9875,0.9525,0.78,0.5075,0.0925,0.01,0.5886,0.6521,913,94,1400,1.0,0.985,0.94,0.73,0.45,0.015,0.0,0.5689,0.6521,913,94,1400,1.0,0.9825,0.9275,0.68,0.3925,0.0,0.0,0.5514,0.6521,913,94,1400,1.0,0.98,0.915,0.63,0.335,0.0,0.0
grok-4.20,,grok,xai,?,0.5707,0.6714,940,340,1400,1.0,0.9625,0.865,0.655,0.5125,0.0,0.0,0.5257,0.6714,940,340,1400,1.0,0.95,0.82,0.54,0.37,0.0,0.0,0.4807,0.6714,940,340,1400,1.0,0.9375,0.775,0.425,0.2275,0.0,0.0,0.4357,0.6714,940,340,1400,1.0,0.925,0.73,0.31,0.085,0.0,0.0
grok-4,,grok,xai,?,0.7046,0.7371,1032,91,1400,1.0,0.985,0.955,0.9075,0.79,0.255,0.04,0.6736,0.7371,1032,91,1400,1.0,0.98,0.945,0.88,0.76,0.15,0.0,0.6482,0.7371,1032,91,1400,1.0,0.975,0.935,0.8525,0.73,0.045,0.0,0.6314,0.7371,1032,91,1400,1.0,0.97,0.925,0.825,0.7,0.0,0.0
hermes-3-405b,405,llama,meta,?,0.4411,0.4514,632,38,1400,0.9925,0.97,0.6725,0.37,0.0625,0.02,0.0,0.4321,0.4514,632,38,1400,0.99,0.96,0.655,0.35,0.06,0.01,0.0,0.4232,0.4514,632,38,1400,0.9875,0.95,0.6375,0.33,0.0575,0.0,0.0,0.4157,0.4514,632,38,1400,0.985,0.94,0.62,0.31,0.055,0.0,0.0
hermes-4-405b,405,llama,meta,?,0.4989,0.515,721,51,1400,0.9925,0.97,0.7825,0.5675,0.135,0.045,0.0,0.4879,0.515,721,51,1400,0.99,0.96,0.765,0.55,0.125,0.025,0.0,0.4768,0.515,721,51,1400,0.9875,0.95,0.7475,0.5325,0.115,0.005,0.0,0.4679,0.515,721,51,1400,0.985,0.94,0.73,0.515,0.105,0.0,0.0
hunyuan-a13b-think,,hunyuan,tencent,?,0.2671,0.3679,515,769,1400,0.94,0.7825,0.1475,0.0,0.0,0.0,0.0,0.2329,0.3679,515,769,1400,0.92,0.71,0.0,0.0,0.0,0.0,0.0,0.2196,0.3679,515,769,1400,0.9,0.6375,0.0,0.0,0.0,0.0,0.0,0.2064,0.3679,515,769,1400,0.88,0.565,0.0,0.0,0.0,0.0,0.0
hunyuan-a13b,,hunyuan,tencent,?,0.2589,0.3293,461,426,1400,0.9325,0.79,0.09,0.0,0.0,0.0,0.0,0.2336,0.3293,461,426,1400,0.91,0.725,0.0,0.0,0.0,0.0,0.0,0.2211,0.3293,461,426,1400,0.8875,0.66,0.0,0.0,0.0,0.0,0.0,0.2086,0.3293,461,426,1400,0.865,0.595,0.0,0.0,0.0,0.0,0.0
hy3-preview,,hunyuan,tencent,?,0.6643,0.7407,1037,283,1400,1.0,0.9925,0.97,0.86,0.715,0.1125,0.0,0.6271,0.7407,1037,283,1400,1.0,0.99,0.96,0.815,0.625,0.0,0.0,0.6061,0.7407,1037,283,1400,1.0,0.9875,0.95,0.77,0.535,0.0,0.0,0.585,0.7407,1037,283,1400,1.0,0.985,0.94,0.725,0.445,0.0,0.0
intellect-3-think,106,intellect,prime-intellect,?,0.4314,0.5514,772,606,1400,0.9775,0.9475,0.715,0.38,0.0,0.0,0.0,0.385,0.5514,772,606,1400,0.97,0.93,0.62,0.175,0.0,0.0,0.0,0.3429,0.5514,772,606,1400,0.9625,0.9125,0.525,0.0,0.0,0.0,0.0,0.3257,0.5514,772,606,1400,0.955,0.895,0.43,0.0,0.0,0.0,0.0
jamba-large,398,jamba,ai21,?,0.5432,0.5629,788,55,1400,0.9925,0.985,0.9,0.645,0.215,0.045,0.02,0.5236,0.5629,788,55,1400,0.99,0.98,0.885,0.605,0.18,0.015,0.01,0.5061,0.5629,788,55,1400,0.9875,0.975,0.87,0.565,0.145,0.0,0.0,0.4921,0.5629,788,55,1400,0.985,0.97,0.855,0.525,0.11,0.0,0.0
kimi-k2.5-think,,kimi,moonshot,?,0.6879,0.7436,1041,227,1400,0.995,0.9925,0.9775,0.955,0.895,0.0,0.0,0.68,0.7436,1041,227,1400,0.995,0.99,0.97,0.94,0.865,0.0,0.0,0.6721,0.7436,1041,227,1400,0.995,0.9875,0.9625,0.925,0.835,0.0,0.0,0.6643,0.7436,1041,227,1400,0.995,0.985,0.955,0.91,0.805,0.0,0.0
kimi-k2.6-think,1040,kimi,moonshot,?,0.6786,0.7107,995,107,1400,0.9925,1.0,0.9925,0.9275,0.805,0.0325,0.0,0.6693,0.7107,995,107,1400,0.99,1.0,0.99,0.915,0.79,0.0,0.0,0.6646,0.7107,995,107,1400,0.9875,1.0,0.9875,0.9025,0.775,0.0,0.0,0.66,0.7107,995,107,1400,0.985,1.0,0.985,0.89,0.76,0.0,0.0
kimi-k2,1000,kimi,moonshot,?,0.6257,0.6736,943,135,1400,0.9925,0.9925,0.955,0.7775,0.59,0.0725,0.0,0.5943,0.6736,943,135,1400,0.99,0.99,0.94,0.715,0.525,0.0,0.0,0.5732,0.6736,943,135,1400,0.9875,0.9875,0.925,0.6525,0.46,0.0,0.0,0.5521,0.6736,943,135,1400,0.985,0.985,0.91,0.59,0.395,0.0,0.0
ling-2.6-flash,104,ling,inclusionai,?,0.1829,0.2007,281,51,1400,0.3925,0.3925,0.295,0.1525,0.0475,0.0,0.0,0.1657,0.2007,281,51,1400,0.39,0.39,0.27,0.11,0.0,0.0,0.0,0.1554,0.2007,281,51,1400,0.3875,0.3875,0.245,0.0675,0.0,0.0,0.0,0.145,0.2007,281,51,1400,0.385,0.385,0.22,0.025,0.0,0.0,0.0
llama-3-70b,70.6,llama3,meta,?,0.5307,0.5621,787,94,1400,0.9875,0.9775,0.8275,0.655,0.2525,0.015,0.0,0.5057,0.5621,787,94,1400,0.985,0.97,0.79,0.585,0.21,0.0,0.0,0.4829,0.5621,787,94,1400,0.9825,0.9625,0.7525,0.515,0.1675,0.0,0.0,0.46,0.5621,787,94,1400,0.98,0.955,0.715,0.445,0.125,0.0,0.0
llama-3-8b,8.03,llama3,meta,?,0.3704,0.44,616,296,1400,0.9725,0.94,0.4775,0.2025,0.0,0.0,0.0,0.3221,0.44,616,296,1400,0.965,0.92,0.34,0.03,0.0,0.0,0.0,0.2943,0.44,616,296,1400,0.9575,0.9,0.2025,0.0,0.0,0.0,0.0,0.2707,0.44,616,296,1400,0.95,0.88,0.065,0.0,0.0,0.0,0.0
llama-3.1-70b,70.6,llama,meta,?,0.495,0.5143,720,69,1400,0.9875,0.985,0.78,0.5075,0.1825,0.0225,0.0,0.4786,0.5143,720,69,1400,0.985,0.98,0.76,0.465,0.16,0.0,0.0,0.4654,0.5143,720,69,1400,0.9825,0.975,0.74,0.4225,0.1375,0.0,0.0,0.4521,0.5143,720,69,1400,0.98,0.97,0.72,0.38,0.115,0.0,0.0
llama-3.1-8b,8.03,llama,meta,?,0.3657,0.39,546,82,1400,0.97,0.945,0.4375,0.195,0.0125,0.0,0.0,0.3436,0.39,546,82,1400,0.965,0.93,0.375,0.135,0.0,0.0,0.0,0.3232,0.39,546,82,1400,0.96,0.915,0.3125,0.075,0.0,0.0,0.0,0.3029,0.39,546,82,1400,0.955,0.9,0.25,0.015,0.0,0.0,0.0
llama-3.2-1b,1.24,llama,meta,?,0.1904,0.2364,331,206,1400,0.83,0.5025,0.0,0.0,0.0,0.0,0.0,0.1707,0.2364,331,206,1400,0.79,0.405,0.0,0.0,0.0,0.0,0.0,0.1511,0.2364,331,206,1400,0.75,0.3075,0.0,0.0,0.0,0.0,0.0,0.1314,0.2364,331,206,1400,0.71,0.21,0.0,0.0,0.0,0.0,0.0
llama-3.2-3b,3.21,llama,meta,?,0.2843,0.3179,445,113,1400,0.945,0.8425,0.2025,0.0,0.0,0.0,0.0,0.2621,0.3179,445,113,1400,0.935,0.805,0.095,0.0,0.0,0.0,0.0,0.2418,0.3179,445,113,1400,0.925,0.7675,0.0,0.0,0.0,0.0,0.0,0.235,0.3179,445,113,1400,0.915,0.73,0.0,0.0,0.0,0.0,0.0
llama-3.3-70b,70.6,llama,meta,?,0.5246,0.5679,795,136,1400,0.97,0.9925,0.795,0.64,0.2475,0.0275,0.0,0.495,0.5679,795,136,1400,0.96,0.99,0.74,0.57,0.205,0.0,0.0,0.4693,0.5679,795,136,1400,0.95,0.9875,0.685,0.5,0.1625,0.0,0.0,0.4436,0.5679,795,136,1400,0.94,0.985,0.63,0.43,0.12,0.0,0.0
llama-4-maverick,402,llama4,meta,?,0.5943,0.6464,905,150,1400,0.9875,0.9925,0.8675,0.745,0.45,0.1175,0.0,0.5557,0.6464,905,150,1400,0.985,0.99,0.83,0.68,0.385,0.02,0.0,0.5282,0.6464,905,150,1400,0.9825,0.9875,0.7925,0.615,0.32,0.0,0.0,0.5036,0.6464,905,150,1400,0.98,0.985,0.755,0.55,0.255,0.0,0.0
llama-4-scout,109,llama4,meta,?,0.3921,0.4893,685,387,1400,0.97,0.8975,0.62,0.25,0.0075,0.0,0.0,0.3371,0.4893,685,387,1400,0.96,0.865,0.495,0.04,0.0,0.0,0.0,0.3075,0.4893,685,387,1400,0.95,0.8325,0.37,0.0,0.0,0.0,0.0,0.2836,0.4893,685,387,1400,0.94,0.8,0.245,0.0,0.0,0.0,0.0
mimo-v2-flash-think,,mimo,xiaomi,?,0.5643,0.645,903,362,1400,1.0,0.985,0.9,0.71,0.355,0.0,0.0,0.5207,0.645,903,362,1400,1.0,0.98,0.87,0.62,0.175,0.0,0.0,0.4779,0.645,903,362,1400,1.0,0.975,0.84,0.53,0.0,0.0,0.0,0.46,0.645,903,362,1400,1.0,0.97,0.81,0.44,0.0,0.0,0.0
mimo-v2-flash,,mimo,xiaomi,?,0.5593,0.645,903,391,1400,0.985,0.9475,0.8675,0.73,0.385,0.0,0.0,0.5121,0.645,903,391,1400,0.98,0.93,0.825,0.645,0.205,0.0,0.0,0.465,0.645,903,391,1400,0.975,0.9125,0.7825,0.56,0.025,0.0,0.0,0.44,0.645,903,391,1400,0.97,0.895,0.74,0.475,0.0,0.0,0.0
mimo-v2-pro-think,,mimo,xiaomi,?,0.6032,0.6236,873,79,1400,0.985,0.9925,0.94,0.7875,0.425,0.0925,0.0,0.5879,0.6236,873,79,1400,0.98,0.99,0.935,0.76,0.395,0.055,0.0,0.5725,0.6236,873,79,1400,0.975,0.9875,0.93,0.7325,0.365,0.0175,0.0,0.56,0.6236,873,79,1400,0.97,0.985,0.925,0.705,0.335,0.0,0.0
mimo-v2-pro,,mimo,xiaomi,?,0.6118,0.6314,884,76,1400,0.9925,1.0,0.94,0.7875,0.4375,0.125,0.0,0.5971,0.6314,884,76,1400,0.99,1.0,0.935,0.755,0.4,0.1,0.0,0.5825,0.6314,884,76,1400,0.9875,1.0,0.93,0.7225,0.3625,0.075,0.0,0.5679,0.6314,884,76,1400,0.985,1.0,0.925,0.69,0.325,0.05,0.0
mimo-v2.5-pro-think,,mimo,xiaomi,?,0.6907,0.74,1036,197,1400,1.0,0.9925,0.985,0.9175,0.7925,0.1475,0.0,0.6593,0.74,1036,197,1400,1.0,0.99,0.98,0.895,0.75,0.0,0.0,0.6489,0.74,1036,197,1400,1.0,0.9875,0.975,0.8725,0.7075,0.0,0.0,0.6386,0.74,1036,197,1400,1.0,0.985,0.97,0.85,0.665,0.0,0.0
mimo-v2.5-pro,,mimo,xiaomi,?,0.6936,0.7436,1041,186,1400,1.0,0.9925,0.985,0.9225,0.795,0.16,0.0,0.6586,0.7436,1041,186,1400,1.0,0.99,0.98,0.9,0.74,0.0,0.0,0.6464,0.7436,1041,186,1400,1.0,0.9875,0.975,0.8775,0.685,0.0,0.0,0.6343,0.7436,1041,186,1400,1.0,0.985,0.97,0.855,0.63,0.0,0.0
mimo-v2.5-think,,mimo,xiaomi,?,0.6179,0.6864,961,274,1400,1.0,0.9925,0.985,0.7825,0.565,0.0,0.0,0.5914,0.6864,961,274,1400,1.0,0.99,0.98,0.72,0.45,0.0,0.0,0.565,0.6864,961,274,1400,1.0,0.9875,0.975,0.6575,0.335,0.0,0.0,0.5386,0.6864,961,274,1400,1.0,0.985,0.97,0.595,0.22,0.0,0.0
mimo-v2.5,,mimo,xiaomi,?,0.6214,0.6979,977,276,1400,1.0,0.9775,0.97,0.82,0.5775,0.005,0.0,0.5936,0.6979,977,276,1400,1.0,0.97,0.96,0.765,0.46,0.0,0.0,0.5664,0.6979,977,276,1400,1.0,0.9625,0.95,0.71,0.3425,0.0,0.0,0.5393,0.6979,977,276,1400,1.0,0.955,0.94,0.655,0.225,0.0,0.0
minimax-m1-think,,minimax,minimax,?,0.2696,0.4086,572,445,1400,0.465,0.42,0.5,0.3575,0.145,0.0,0.0,0.1514,0.4086,572,445,1400,0.3,0.23,0.36,0.17,0.0,0.0,0.0,0.0564,0.4086,572,445,1400,0.135,0.04,0.22,0.0,0.0,0.0,0.0,0.0114,0.4086,572,445,1400,0.0,0.0,0.08,0.0,0.0,0.0,0.0
minimax-m2.7-think,,minimax,minimax,?,0.5007,0.555,777,205,1400,0.98,0.9875,0.8175,0.5375,0.1825,0.0,0.0,0.4586,0.555,777,205,1400,0.975,0.985,0.775,0.43,0.045,0.0,0.0,0.4296,0.555,777,205,1400,0.97,0.9825,0.7325,0.3225,0.0,0.0,0.0,0.4071,0.555,777,205,1400,0.965,0.98,0.69,0.215,0.0,0.0,0.0
ministral-3b,3,mistral,mistral,?,0.2675,0.3586,502,717,1400,0.9475,0.8275,0.0975,0.0,0.0,0.0,0.0,0.2429,0.3586,502,717,1400,0.93,0.77,0.0,0.0,0.0,0.0,0.0,0.2321,0.3586,502,717,1400,0.9125,0.7125,0.0,0.0,0.0,0.0,0.0,0.2214,0.3586,502,717,1400,0.895,0.655,0.0,0.0,0.0,0.0,0.0
ministral-8b,8,mistral,mistral,?,0.3404,0.4464,625,627,1400,0.955,0.955,0.4725,0.0,0.0,0.0,0.0,0.3114,0.4464,625,627,1400,0.94,0.94,0.3,0.0,0.0,0.0,0.0,0.2825,0.4464,625,627,1400,0.925,0.925,0.1275,0.0,0.0,0.0,0.0,0.26,0.4464,625,627,1400,0.91,0.91,0.0,0.0,0.0,0.0,0.0
mistral-7b,7.2,mistral,mistral,?,0.2746,0.3693,517,633,1400,0.9,0.8275,0.195,0.0,0.0,0.0,0.0,0.235,0.3693,517,633,1400,0.87,0.775,0.0,0.0,0.0,0.0,0.0,0.2232,0.3693,517,633,1400,0.84,0.7225,0.0,0.0,0.0,0.0,0.0,0.2114,0.3693,517,633,1400,0.81,0.67,0.0,0.0,0.0,0.0,0.0
mistral-large,123,mistral,mistral,?,0.5032,0.5493,769,153,1400,0.9725,0.9725,0.86,0.6025,0.115,0.0,0.0,0.4693,0.5493,769,153,1400,0.965,0.965,0.835,0.52,0.0,0.0,0.0,0.4518,0.5493,769,153,1400,0.9575,0.9575,0.81,0.4375,0.0,0.0,0.0,0.4343,0.5493,769,153,1400,0.95,0.95,0.785,0.355,0.0,0.0,0.0
mistral-medium-3.1,,mistral-prop,mistral,?,0.5561,0.6179,865,236,1400,0.9875,0.9775,0.905,0.7925,0.23,0.0,0.0,0.5193,0.6179,865,236,1400,0.985,0.97,0.88,0.735,0.065,0.0,0.0,0.4968,0.6179,865,236,1400,0.9825,0.9625,0.855,0.6775,0.0,0.0,0.0,0.4836,0.6179,865,236,1400,0.98,0.955,0.83,0.62,0.0,0.0,0.0
mistral-nemo-12b,12,mistral,mistral,?,0.3386,0.425,595,512,1400,0.95,0.9175,0.38,0.1225,0.0,0.0,0.0,0.2914,0.425,595,512,1400,0.935,0.9,0.205,0.0,0.0,0.0,0.0,0.2618,0.425,595,512,1400,0.92,0.8825,0.03,0.0,0.0,0.0,0.0,0.2529,0.425,595,512,1400,0.905,0.865,0.0,0.0,0.0,0.0,0.0
mistral-small-24b,24,mistral,mistral,?,0.4414,0.4886,684,209,1400,0.9825,0.9875,0.7375,0.3825,0.0,0.0,0.0,0.415,0.4886,684,209,1400,0.98,0.985,0.68,0.26,0.0,0.0,0.0,0.3886,0.4886,684,209,1400,0.9775,0.9825,0.6225,0.1375,0.0,0.0,0.0,0.3621,0.4886,684,209,1400,0.975,0.98,0.565,0.015,0.0,0.0,0.0
mixtral-8x22b,141,mixtral,mistral,?,0.5561,0.6,840,153,1400,0.9925,1.0,0.8725,0.71,0.3175,0.0,0.0,0.5307,0.6,840,153,1400,0.99,1.0,0.845,0.64,0.24,0.0,0.0,0.5054,0.6,840,153,1400,0.9875,1.0,0.8175,0.57,0.1625,0.0,0.0,0.48,0.6,840,153,1400,0.985,1.0,0.79,0.5,0.085,0.0,0.0
mixtral-8x7b,46.7,mixtral,mistral,?,0.4532,0.5343,748,348,1400,0.955,0.97,0.7425,0.45,0.055,0.0,0.0,0.4107,0.5343,748,348,1400,0.945,0.96,0.67,0.3,0.0,0.0,0.0,0.3761,0.5343,748,348,1400,0.935,0.95,0.5975,0.15,0.0,0.0,0.0,0.3414,0.5343,748,348,1400,0.925,0.94,0.525,0.0,0.0,0.0,0.0
nemotron-3-nano-30b,30,nemotron,nvidia,?,0.3532,0.4521,633,609,1400,0.9925,0.97,0.51,0.0,0.0,0.0,0.0,0.3286,0.4521,633,609,1400,0.99,0.96,0.35,0.0,0.0,0.0,0.0,0.3039,0.4521,633,609,1400,0.9875,0.95,0.19,0.0,0.0,0.0,0.0,0.2793,0.4521,633,609,1400,0.985,0.94,0.03,0.0,0.0,0.0,0.0
nemotron-3-super-120b,120,nemotron,nvidia,?,0.5279,0.6107,855,360,1400,0.995,0.975,0.9075,0.61,0.2075,0.0,0.0,0.4764,0.6107,855,360,1400,0.995,0.97,0.88,0.49,0.0,0.0,0.0,0.4546,0.6107,855,360,1400,0.995,0.965,0.8525,0.37,0.0,0.0,0.0,0.4329,0.6107,855,360,1400,0.995,0.96,0.825,0.25,0.0,0.0,0.0
nemotron-70b,70,nemotron,nvidia,?,0.5257,0.5457,764,71,1400,0.99,0.995,0.83,0.635,0.2075,0.0225,0.0,0.5107,0.5457,764,71,1400,0.99,0.995,0.81,0.59,0.19,0.0,0.0,0.4989,0.5457,764,71,1400,0.99,0.995,0.79,0.545,0.1725,0.0,0.0,0.4871,0.5457,764,71,1400,0.99,0.995,0.77,0.5,0.155,0.0,0.0
nemotron-nano-9b-v2,9,nemotron,nvidia,?,0.3121,0.3371,472,99,1400,0.9775,0.875,0.325,0.0075,0.0,0.0,0.0,0.2971,0.3371,472,99,1400,0.97,0.84,0.27,0.0,0.0,0.0,0.0,0.2832,0.3371,472,99,1400,0.9625,0.805,0.215,0.0,0.0,0.0,0.0,0.2693,0.3371,472,99,1400,0.955,0.77,0.16,0.0,0.0,0.0,0.0
nemotron-super-49b-think,49,nemotron,nvidia,?,0.38,0.4614,646,330,1400,0.9725,0.9875,0.5575,0.1325,0.01,0.0,0.0,0.3386,0.4614,646,330,1400,0.965,0.985,0.42,0.0,0.0,0.0,0.0,0.3175,0.4614,646,330,1400,0.9575,0.9825,0.2825,0.0,0.0,0.0,0.0,0.2964,0.4614,646,330,1400,0.95,0.98,0.145,0.0,0.0,0.0,0.0
nova-micro,,nova,amazon,?,0.3161,0.3979,557,425,1400,0.9875,0.9125,0.3125,0.0,0.0,0.0,0.0,0.2829,0.3979,557,425,1400,0.985,0.885,0.11,0.0,0.0,0.0,0.0,0.2629,0.3979,557,425,1400,0.9825,0.8575,0.0,0.0,0.0,0.0,0.0,0.2586,0.3979,557,425,1400,0.98,0.83,0.0,0.0,0.0,0.0,0.0
nova-premier,,nova,amazon,?,0.5496,0.6364,891,366,1400,1.0,0.9775,0.9125,0.7575,0.2,0.0,0.0,0.505,0.6364,891,366,1400,1.0,0.97,0.885,0.68,0.0,0.0,0.0,0.4889,0.6364,891,366,1400,1.0,0.9625,0.8575,0.6025,0.0,0.0,0.0,0.4729,0.6364,891,366,1400,1.0,0.955,0.83,0.525,0.0,0.0,0.0
nova-pro,,nova,amazon,?,0.4832,0.555,777,307,1400,0.9875,0.985,0.845,0.52,0.045,0.0,0.0,0.45,0.555,777,307,1400,0.985,0.98,0.8,0.385,0.0,0.0,0.0,0.4232,0.555,777,307,1400,0.9825,0.975,0.755,0.25,0.0,0.0,0.0,0.3964,0.555,777,307,1400,0.98,0.97,0.71,0.115,0.0,0.0,0.0
o1,,gpt,openai,?,0.7,0.7321,1025,90,1400,0.9875,1.0,0.965,0.9175,0.73,0.2625,0.0375,0.6764,0.7321,1025,90,1400,0.985,1.0,0.955,0.895,0.705,0.195,0.0,0.6582,0.7321,1025,90,1400,0.9825,1.0,0.945,0.8725,0.68,0.1275,0.0,0.64,0.7321,1025,90,1400,0.98,1.0,0.935,0.85,0.655,0.06,0.0
o3-mini,,gpt,openai,?,0.4682,0.5257,736,271,1400,0.9875,0.9925,0.835,0.4625,0.0,0.0,0.0,0.4421,0.5257,736,271,1400,0.985,0.99,0.79,0.33,0.0,0.0,0.0,0.4161,0.5257,736,271,1400,0.9825,0.9875,0.745,0.1975,0.0,0.0,0.0,0.39,0.5257,736,271,1400,0.98,0.985,0.7,0.065,0.0,0.0,0.0
o3,,gpt,openai,?,0.7007,0.7636,1069,197,1400,1.0,0.9925,0.9775,0.8825,0.76,0.2925,0.0,0.6614,0.7636,1069,197,1400,1.0,0.99,0.97,0.845,0.72,0.105,0.0,0.6339,0.7636,1069,197,1400,1.0,0.9875,0.9625,0.8075,0.68,0.0,0.0,0.6214,0.7636,1069,197,1400,1.0,0.985,0.955,0.77,0.64,0.0,0.0
o4-mini-think,,gpt,openai,?,0.5664,0.6457,904,257,1400,1.0,0.9925,0.945,0.7675,0.25,0.01,0.0,0.5314,0.6457,904,257,1400,1.0,0.99,0.93,0.71,0.09,0.0,0.0,0.5079,0.6457,904,257,1400,1.0,0.9875,0.915,0.6525,0.0,0.0,0.0,0.4971,0.6457,904,257,1400,1.0,0.985,0.9,0.595,0.0,0.0,0.0
olmo-3.1-32b,32,olmo,allenai,?,0.3471,0.4143,580,329,1400,0.98,0.9625,0.455,0.0325,0.0,0.0,0.0,0.3193,0.4143,580,329,1400,0.975,0.95,0.31,0.0,0.0,0.0,0.0,0.2961,0.4143,580,329,1400,0.97,0.9375,0.165,0.0,0.0,0.0,0.0,0.2729,0.4143,580,329,1400,0.965,0.925,0.02,0.0,0.0,0.0,0.0
phi-3-mini,3.8,phi,microsoft,?,0.2132,0.2871,402,690,1400,0.885,0.6075,0.0,0.0,0.0,0.0,0.0,0.19,0.2871,402,690,1400,0.85,0.48,0.0,0.0,0.0,0.0,0.0,0.1668,0.2871,402,690,1400,0.815,0.3525,0.0,0.0,0.0,0.0,0.0,0.1436,0.2871,402,690,1400,0.78,0.225,0.0,0.0,0.0,0.0,0.0
phi-4,14.7,phi,microsoft,?,0.3336,0.4307,603,664,1400,0.965,0.9475,0.4225,0.0,0.0,0.0,0.0,0.3043,0.4307,603,664,1400,0.955,0.93,0.245,0.0,0.0,0.0,0.0,0.275,0.4307,603,664,1400,0.945,0.9125,0.0675,0.0,0.0,0.0,0.0,0.2614,0.4307,603,664,1400,0.935,0.895,0.0,0.0,0.0,0.0,0.0
qwen-2.5-0.5b,0.494,qwen,alibaba,?,0.13,0.17,238,836,1400,0.91,0.0,0.0,0.0,0.0,0.0,0.0,0.1257,0.17,238,836,1400,0.88,0.0,0.0,0.0,0.0,0.0,0.0,0.1214,0.17,238,836,1400,0.85,0.0,0.0,0.0,0.0,0.0,0.0,0.1171,0.17,238,836,1400,0.82,0.0,0.0,0.0,0.0,0.0,0.0
qwen-2.5-72b,72.7,qwen2.5,alibaba,?,0.4364,0.4971,696,215,1400,1.0,0.985,0.73,0.3225,0.0175,0.0,0.0,0.3986,0.4971,696,215,1400,1.0,0.98,0.66,0.15,0.0,0.0,0.0,0.3664,0.4971,696,215,1400,1.0,0.975,0.59,0.0,0.0,0.0,0.0,0.3557,0.4971,696,215,1400,1.0,0.97,0.52,0.0,0.0,0.0,0.0
qwen-2.5-7b,7.62,qwen2.5,alibaba,?,0.2757,0.34,476,432,1400,0.9725,0.9575,0.0,0.0,0.0,0.0,0.0,0.2729,0.34,476,432,1400,0.965,0.945,0.0,0.0,0.0,0.0,0.0,0.27,0.34,476,432,1400,0.9575,0.9325,0.0,0.0,0.0,0.0,0.0,0.2671,0.34,476,432,1400,0.95,0.92,0.0,0.0,0.0,0.0,0.0
qwen-max,,qwen-prop,alibaba,?,0.4854,0.5214,730,105,1400,0.9875,0.985,0.7875,0.5225,0.115,0.0,0.0,0.455,0.5214,730,105,1400,0.985,0.98,0.74,0.425,0.055,0.0,0.0,0.4254,0.5214,730,105,1400,0.9825,0.975,0.6925,0.3275,0.0,0.0,0.0,0.4036,0.5214,730,105,1400,0.98,0.97,0.645,0.23,0.0,0.0,0.0
qwen-plus,,qwen-prop,alibaba,?,0.5686,0.62,868,198,1400,0.98,0.9925,0.91,0.78,0.3175,0.0,0.0,0.5357,0.62,868,198,1400,0.975,0.99,0.885,0.715,0.185,0.0,0.0,0.5029,0.62,868,198,1400,0.97,0.9875,0.86,0.65,0.0525,0.0,0.0,0.4814,0.62,868,198,1400,0.965,0.985,0.835,0.585,0.0,0.0,0.0
qwen-turbo,,qwen-prop,alibaba,?,0.3629,0.44,616,291,1400,0.94,0.945,0.515,0.14,0.0,0.0,0.0,0.3171,0.44,616,291,1400,0.92,0.93,0.37,0.0,0.0,0.0,0.0,0.2914,0.44,616,291,1400,0.9,0.915,0.225,0.0,0.0,0.0,0.0,0.2657,0.44,616,291,1400,0.88,0.9,0.08,0.0,0.0,0.0,0.0
qwen3-0.6b,0.596,qwen,alibaba,?,0.0521,0.1093,153,383,1400,0.33,0.035,0.0,0.0,0.0,0.0,0.0,0.0264,0.1093,153,383,1400,0.185,0.0,0.0,0.0,0.0,0.0,0.0,0.0057,0.1093,153,383,1400,0.04,0.0,0.0,0.0,0.0,0.0,0.0,0.0,0.1093,153,383,1400,0.0,0.0,0.0,0.0,0.0,0.0,0.0
qwen3-14b-think,14,qwen3,alibaba,?,0.3571,0.4343,608,415,1400,0.9625,0.955,0.5825,0.0,0.0,0.0,0.0,0.3357,0.4343,608,415,1400,0.95,0.94,0.46,0.0,0.0,0.0,0.0,0.3143,0.4343,608,415,1400,0.9375,0.925,0.3375,0.0,0.0,0.0,0.0,0.2929,0.4343,608,415,1400,0.925,0.91,0.215,0.0,0.0,0.0,0.0
qwen3-235b-a22b-think,235,qwen3,alibaba,?,0.4882,0.5429,760,228,1400,0.9875,0.985,0.8325,0.6025,0.01,0.0,0.0,0.4636,0.5429,760,228,1400,0.985,0.98,0.785,0.495,0.0,0.0,0.0,0.4404,0.5429,760,228,1400,0.9825,0.975,0.7375,0.3875,0.0,0.0,0.0,0.4171,0.5429,760,228,1400,0.98,0.97,0.69,0.28,0.0,0.0,0.0
qwen3-30b-a3b-think,30,qwen3,alibaba,?,0.3864,0.4471,626,326,1400,0.9875,0.9725,0.66,0.085,0.0,0.0,0.0,0.3593,0.4471,626,326,1400,0.985,0.965,0.565,0.0,0.0,0.0,0.0,0.3443,0.4471,626,326,1400,0.9825,0.9575,0.47,0.0,0.0,0.0,0.0,0.3293,0.4471,626,326,1400,0.98,0.95,0.375,0.0,0.0,0.0,0.0
qwen3-32b-think,32,qwen3,alibaba,?,0.3925,0.465,651,444,1400,0.985,0.955,0.8075,0.0,0.0,0.0,0.0,0.3814,0.465,651,444,1400,0.98,0.94,0.75,0.0,0.0,0.0,0.0,0.3704,0.465,651,444,1400,0.975,0.925,0.6925,0.0,0.0,0.0,0.0,0.3593,0.465,651,444,1400,0.97,0.91,0.635,0.0,0.0,0.0,0.0
qwen3-8b-think,8,qwen3,alibaba,?,0.3175,0.4171,584,476,1400,0.9675,0.9175,0.3375,0.0,0.0,0.0,0.0,0.2829,0.4171,584,476,1400,0.96,0.89,0.13,0.0,0.0,0.0,0.0,0.2593,0.4171,584,476,1400,0.9525,0.8625,0.0,0.0,0.0,0.0,0.0,0.2543,0.4171,584,476,1400,0.945,0.835,0.0,0.0,0.0,0.0,0.0
qwen3-max,,qwen-prop,alibaba,?,0.6121,0.6671,934,171,1400,1.0,0.9925,0.94,0.8125,0.54,0.0,0.0,0.59,0.6671,934,171,1400,1.0,0.99,0.92,0.755,0.465,0.0,0.0,0.5679,0.6671,934,171,1400,1.0,0.9875,0.9,0.6975,0.39,0.0,0.0,0.5457,0.6671,934,171,1400,1.0,0.985,0.88,0.64,0.315,0.0,0.0
qwen3-next-80b-a3b,80,qwen3,alibaba,?,0.4975,0.56,784,309,1400,0.9775,0.9925,0.885,0.59,0.0375,0.0,0.0,0.4693,0.56,784,309,1400,0.97,0.99,0.855,0.47,0.0,0.0,0.0,0.4464,0.56,784,309,1400,0.9625,0.9875,0.825,0.35,0.0,0.0,0.0,0.4236,0.56,784,309,1400,0.955,0.985,0.795,0.23,0.0,0.0,0.0
qwen3.5-0.8b,0.8,qwen,alibaba,?,0.0582,0.0729,102,184,1400,0.2825,0.125,0.0,0.0,0.0,0.0,0.0,0.0464,0.0729,102,184,1400,0.25,0.075,0.0,0.0,0.0,0.0,0.0,0.0346,0.0729,102,184,1400,0.2175,0.025,0.0,0.0,0.0,0.0,0.0,0.0264,0.0729,102,184,1400,0.185,0.0,0.0,0.0,0.0,0.0,0.0
qwen3.5-122b-a10b-think,122,qwen3.5,alibaba,?,0.5325,0.6036,845,325,1400,0.9925,0.985,0.9175,0.7125,0.12,0.0,0.0,0.4971,0.6036,845,325,1400,0.99,0.98,0.89,0.62,0.0,0.0,0.0,0.4789,0.6036,845,325,1400,0.9875,0.975,0.8625,0.5275,0.0,0.0,0.0,0.4607,0.6036,845,325,1400,0.985,0.97,0.835,0.435,0.0,0.0,0.0
qwen3.5-27b-think,27,qwen3.5,alibaba,?,0.4246,0.5157,722,519,1400,0.9925,0.9625,0.7675,0.25,0.0,0.0,0.0,0.3764,0.5157,722,519,1400,0.99,0.95,0.69,0.005,0.0,0.0,0.0,0.3625,0.5157,722,519,1400,0.9875,0.9375,0.6125,0.0,0.0,0.0,0.0,0.3493,0.5157,722,519,1400,0.985,0.925,0.535,0.0,0.0,0.0,0.0
qwen3.5-35b-a3b-think,35,qwen3.5,alibaba,?,0.45,0.5386,754,434,1400,0.995,0.9625,0.8425,0.35,0.0,0.0,0.0,0.41,0.5386,754,434,1400,0.995,0.95,0.79,0.135,0.0,0.0,0.0,0.3814,0.5386,754,434,1400,0.995,0.9375,0.7375,0.0,0.0,0.0,0.0,0.3721,0.5386,754,434,1400,0.995,0.925,0.685,0.0,0.0,0.0,0.0
qwen3.5-397b-a17b-think,397,qwen3.5,alibaba,?,0.5564,0.6343,888,260,1400,0.9925,0.985,0.885,0.7325,0.3,0.0,0.0,0.515,0.6343,888,260,1400,0.99,0.98,0.85,0.65,0.135,0.0,0.0,0.4779,0.6343,888,260,1400,0.9875,0.975,0.815,0.5675,0.0,0.0,0.0,0.46,0.6343,888,260,1400,0.985,0.97,0.78,0.485,0.0,0.0,0.0
qwen3.5-9b-think,9,qwen3.5,alibaba,?,0.3486,0.4343,608,536,1400,0.985,0.935,0.52,0.0,0.0,0.0,0.0,0.325,0.4343,608,536,1400,0.985,0.92,0.37,0.0,0.0,0.0,0.0,0.3014,0.4343,608,536,1400,0.985,0.905,0.22,0.0,0.0,0.0,0.0,0.2779,0.4343,608,536,1400,0.985,0.89,0.07,0.0,0.0,0.0,0.0
qwen3.5-flash-think,,qwen-prop,alibaba,?,0.4571,0.5414,758,434,1400,1.0,0.985,0.835,0.38,0.0,0.0,0.0,0.42,0.5414,758,434,1400,1.0,0.98,0.78,0.18,0.0,0.0,0.0,0.3857,0.5414,758,434,1400,1.0,0.975,0.725,0.0,0.0,0.0,0.0,0.3771,0.5414,758,434,1400,1.0,0.97,0.67,0.0,0.0,0.0,0.0
qwen3.5-plus-think,,qwen-prop,alibaba,?,0.5779,0.6457,904,255,1400,0.9925,0.985,0.935,0.775,0.3575,0.0,0.0,0.5429,0.6457,904,255,1400,0.99,0.98,0.915,0.705,0.21,0.0,0.0,0.5079,0.6457,904,255,1400,0.9875,0.975,0.895,0.635,0.0625,0.0,0.0,0.485,0.6457,904,255,1400,0.985,0.97,0.875,0.565,0.0,0.0,0.0
qwen3.6-plus-think,,qwen-prop,alibaba,?,0.605,0.6293,881,68,1400,0.995,1.0,0.9525,0.8175,0.4025,0.0525,0.015,0.5829,0.6293,881,68,1400,0.995,1.0,0.945,0.775,0.35,0.015,0.0,0.5661,0.6293,881,68,1400,0.995,1.0,0.9375,0.7325,0.2975,0.0,0.0,0.5514,0.6293,881,68,1400,0.995,1.0,0.93,0.69,0.245,0.0,0.0
qwq-32b-think,32,qwen2.5,alibaba,?,0.3939,0.4743,664,470,1400,0.9925,0.955,0.645,0.165,0.0,0.0,0.0,0.3521,0.4743,664,470,1400,0.99,0.94,0.535,0.0,0.0,0.0,0.0,0.3339,0.4743,664,470,1400,0.9875,0.925,0.425,0.0,0.0,0.0,0.0,0.3157,0.4743,664,470,1400,0.985,0.91,0.315,0.0,0.0,0.0,0.0
seed-1.6-flash-think,,seed,bytedance,?,0.3568,0.4486,628,546,1400,1.0,0.9475,0.55,0.0,0.0,0.0,0.0,0.3336,0.4486,628,546,1400,1.0,0.93,0.405,0.0,0.0,0.0,0.0,0.3104,0.4486,628,546,1400,1.0,0.9125,0.26,0.0,0.0,0.0,0.0,0.2871,0.4486,628,546,1400,1.0,0.895,0.115,0.0,0.0,0.0,0.0
seed-1.6-think,,seed,bytedance,?,0.5304,0.5936,831,289,1400,0.995,0.9925,0.9075,0.6575,0.16,0.0,0.0,0.4871,0.5936,831,289,1400,0.995,0.99,0.88,0.545,0.0,0.0,0.0,0.4668,0.5936,831,289,1400,0.995,0.9875,0.8525,0.4325,0.0,0.0,0.0,0.4464,0.5936,831,289,1400,0.995,0.985,0.825,0.32,0.0,0.0,0.0
seed-2.0-lite-think,,seed,bytedance,?,0.6111,0.68,952,215,1400,1.0,0.9925,0.915,0.84,0.485,0.045,0.0,0.5757,0.68,952,215,1400,1.0,0.99,0.89,0.79,0.36,0.0,0.0,0.5468,0.68,952,215,1400,1.0,0.9875,0.865,0.74,0.235,0.0,0.0,0.5179,0.68,952,215,1400,1.0,0.985,0.84,0.69,0.11,0.0,0.0
seed-2.0-mini-think,,seed,bytedance,?,0.5246,0.6157,862,364,1400,0.9925,0.9625,0.8125,0.62,0.285,0.0,0.0,0.4679,0.6157,862,364,1400,0.99,0.95,0.755,0.495,0.085,0.0,0.0,0.4275,0.6157,862,364,1400,0.9875,0.9375,0.6975,0.37,0.0,0.0,0.0,0.3993,0.6157,862,364,1400,0.985,0.925,0.64,0.245,0.0,0.0,0.0
smollm2-1.7b,1.7,smollm2,huggingface,?,0.2321,0.3014,422,974,1400,0.9325,0.6925,0.0,0.0,0.0,0.0,0.0,0.2143,0.3014,422,974,1400,0.91,0.59,0.0,0.0,0.0,0.0,0.0,0.1964,0.3014,422,974,1400,0.8875,0.4875,0.0,0.0,0.0,0.0,0.0,0.1786,0.3014,422,974,1400,0.865,0.385,0.0,0.0,0.0,0.0,0.0
smollm2-135m,0.135,smollm,huggingface,?,0.0332,0.1243,174,1208,1400,0.2325,0.0,0.0,0.0,0.0,0.0,0.0,0.0,0.1243,174,1208,1400,0.0,0.0,0.0,0.0,0.0,0.0,0.0,0.0,0.1243,174,1208,1400,0.0,0.0,0.0,0.0,0.0,0.0,0.0,0.0,0.1243,174,1208,1400,0.0,0.0,0.0,0.0,0.0,0.0,0.0
smollm2-360m,0.362,smollm,huggingface,?,0.1489,0.2921,409,984,1400,0.7375,0.305,0.0,0.0,0.0,0.0,0.0,0.1036,0.2921,409,984,1400,0.65,0.075,0.0,0.0,0.0,0.0,0.0,0.0804,0.2921,409,984,1400,0.5625,0.0,0.0,0.0,0.0,0.0,0.0,0.0679,0.2921,409,984,1400,0.475,0.0,0.0,0.0,0.0,0.0,0.0
step-3.5-flash-think,,step,stepfun,?,0.5743,0.66,924,342,1400,1.0,0.9775,0.925,0.7225,0.395,0.0,0.0,0.5343,0.66,924,342,1400,1.0,0.97,0.9,0.635,0.235,0.0,0.0,0.4943,0.66,924,342,1400,1.0,0.9625,0.875,0.5475,0.075,0.0,0.0,0.4664,0.66,924,342,1400,1.0,0.955,0.85,0.46,0.0,0.0,0.0
